{"cameraMode":{"drawMode":0,"name":"Shaded","section":"Shading Mode"},"sceneLighting":true,"audioPlay":false,"sceneViewState":{"m_AlwaysRefresh":false,"showFog":true,"showSkybox":true,"showFlares":true,"showImageEffects":true,"showParticleSystems":true,"showVisualEffectGraphs":true,"m_FxEnabled":true},"in2DMode":false,"pivot":{"x":-0.46869325637817385,"y":1.6086077690124512,"z":-21.68009376525879},"rotation":{"x":-0.20655547082424165,"y":0.1319298893213272,"z":-0.028119010850787164,"w":-0.9690935611724854},"size":1.6054915189743043,"orthographic":false}